流水號,課號,課程識別碼,班次,課程名稱,學分,授課教師,通識領域,加選方式,上課時間,限制條件,人數上限,外系上限,外校上限,已選上人數,已選上外系人數,登記人數,剩餘名額
01001,CHIN8013,10180210,01,大學國文：文學鑑賞與寫作（二）,3.00,吳旻旻,,2,五789,,30,0,0,30,30,43,0
01002,CHIN8013,10180210,02,大學國文：文學鑑賞與寫作（二）,3.00,康韻梅,,2,五789,,30,0,0,30,30,16,0
01003,CHIN8013,10180210,03,大學國文：文學鑑賞與寫作（二）,3.00,李文鈺,,2,五789,,30,0,0,30,30,26,0
01004,CHIN8013,10180210,04,大學國文：文學鑑賞與寫作（二）,3.00,陳雀倩,,2,五789,,30,0,0,29,29,34,1
01005,CHIN8013,10180210,05,大學國文：文學鑑賞與寫作（二）,3.00,許育嘉,,2,五789,,30,0,0,29,29,9,1
01006,CHIN8013,10180210,06,大學國文：文學鑑賞與寫作（二）,3.00,吳潔盈,,2,五789,,30,0,0,28,28,11,2
01007,CHIN8013,10180210,13,大學國文：文學鑑賞與寫作（二）,3.00,葉常泓,,2,一789,,30,0,0,30,30,17,0
01070,CHIN8013,10180210,14,大學國文：文學鑑賞與寫作（二）,3.00,汪詩珮,,2,一789,CD1,30,0,0,9,0,0,21
01008,CHIN8013,10180210,15,大學國文：文學鑑賞與寫作（二）,3.00,潘少瑜,,2,一789,,30,0,0,29,29,19,1
01009,CHIN8013,10180210,16,大學國文：文學鑑賞與寫作（二）,3.00,蔡祝青,,2,一789,,30,0,0,29,29,7,1
01010,CHIN8013,10180210,17,大學國文：文學鑑賞與寫作（二）,3.00,李存智,,2,一789,,30,0,0,26,26,9,4
01011,CHIN8013,10180210,18,大學國文：文學鑑賞與寫作（二）,3.00,簡凱廷,,2,一789,,30,0,0,30,30,28,0
01012,CHIN8013,10180210,21,大學國文：文學鑑賞與寫作（二）,3.00,蔡璧名,,2,四789,,30,0,0,30,30,23,0
01069,CHIN8013,10180210,22,大學國文：文學鑑賞與寫作（二）,3.00,劉建志,,2,四789,CD1,30,0,0,27,0,3,3
01013,CHIN8013,10180210,23,大學國文：文學鑑賞與寫作（二）,3.00,高嘉謙,,2,四789,,30,0,0,30,30,14,0
01014,CHIN8013,10180210,24,大學國文：文學鑑賞與寫作（二）,3.00,沈凡玉,,2,四789,,30,0,0,29,29,19,1
01015,CHIN8013,10180210,25,大學國文：文學鑑賞與寫作（二）,3.00,蔡璧名,,2,二89,10,,30,0,0,30,30,16,0
01016,CHIN8013,10180210,26,大學國文：文學鑑賞與寫作（二）,3.00,蔡佩含,,2,二89,10,,30,0,0,28,28,8,2
01017,CHIN8013,10180210,27,大學國文：文學鑑賞與寫作（二）,3.00,曹淑娟,,2,二89,10,,30,0,0,29,29,11,1
01018,CHIN8013,10180210,28,大學國文：文學鑑賞與寫作（二）,3.00,謝佩芬,,2,二89,10,,30,0,0,30,30,9,0
01019,CHIN8013,10180210,29,大學國文：文學鑑賞與寫作（二）,3.00,楊芳燕,,2,一345,,30,0,0,30,30,9,0
01020,CHIN8013,10180210,30,大學國文：文學鑑賞與寫作（二）,3.00,蕭旭府,,2,一345,,30,0,0,30,30,36,0
01021,CHIN8013,10180210,31,大學國文：文學鑑賞與寫作（二）,3.00,佘筠珺,,2,一345,,30,0,0,30,30,19,0
01022,CHIN8013,10180210,34,大學國文：文學鑑賞與寫作（二）,3.00,方韻慈,,2,二345,,30,0,0,29,29,8,1
01023,CHIN8013,10180210,35,大學國文：文學鑑賞與寫作（二）,3.00,張斯翔,,2,三789,,30,0,0,30,30,9,0
01024,CHIN8015,10180220,01,大學國文：文化思想與寫作（二）,3.00,王士銓,,2,五789,,30,0,0,30,30,32,0
01025,CHIN8015,10180220,02,大學國文：文化思想與寫作（二）,3.00,黃奕珍,,2,五789,,30,0,0,28,28,3,2
01026,CHIN8015,10180220,04,大學國文：文化思想與寫作（二）,3.00,曹美秀,,2,五789,,30,0,0,28,28,6,2
01027,CHIN8015,10180220,06,大學國文：文化思想與寫作（二）,3.00,林永勝,,2,五789,,30,0,0,30,30,18,0
01028,CHIN8015,10180220,13,大學國文：文化思想與寫作（二）,3.00,黃啟書,,2,一789,,30,0,0,29,29,9,1
01029,CHIN8015,10180220,14,大學國文：文化思想與寫作（二）,3.00,史甄陶,,2,一789,,30,0,0,30,30,19,0
01030,CHIN8015,10180220,16,大學國文：文化思想與寫作（二）,3.00,伍振勳,,2,一789,,30,0,0,28,28,9,2
01031,CHIN8015,10180220,17,大學國文：文化思想與寫作（二）,3.00,姜義泰,,2,一789,,30,0,0,29,29,8,1
01032,CHIN8015,10180220,18,大學國文：文化思想與寫作（二）,3.00,林永勝,,2,四789,,30,0,0,29,29,14,1
01033,CHIN8015,10180220,19,大學國文：文化思想與寫作（二）,3.00,梁偉賢,,2,四789,,30,0,0,29,29,20,1
01034,CHIN8015,10180220,20,大學國文：文化思想與寫作（二）,3.00,巫雪如,,2,四789,,30,0,0,30,30,33,0
01035,CHIN8015,10180220,21,大學國文：文化思想與寫作（二）,3.00,羅鈴沛,,2,二89,10,,30,0,0,30,30,12,0
01036,CHIN8015,10180220,22,大學國文：文化思想與寫作（二）,3.00,王士銓,,2,二89,10,,30,0,0,30,30,18,0
01037,CHIN8015,10180220,25,大學國文：文化思想與寫作（二）,3.00,梁偉賢,,2,三789,,30,0,0,30,30,14,0
01038,CHIN8017,10180230,02,大學國文：閱讀與寫作（二）,3.00,李馥名,,2,五789,,25,0,0,24,24,7,1
01039,CHIN8017,10180230,03,大學國文：閱讀與寫作（二）,3.00,蔡志彥,,2,五789,,25,0,0,22,22,4,3
01040,CHIN8017,10180230,06,大學國文：閱讀與寫作（二）,3.00,吳曉昀,,2,S一12四12,,25,0,0,22,22,3,3
01041,CHIN8017,10180230,07,大學國文：閱讀與寫作（二）,3.00,沈芳如,,2,S一12四12,,25,0,0,10,10,4,15
01042,CHIN8017,10180230,09,大學國文：閱讀與寫作（二）,3.00,賴昶F,,2,一789,,25,0,0,24,24,10,1
01043,CHIN8017,10180230,10,大學國文：閱讀與寫作（二）,3.00,楊晉綺,,2,一789,,25,0,0,23,23,10,2
01044,CHIN8017,10180230,11,大學國文：閱讀與寫作（二）,3.00,林宏佳,,2,一789,,25,0,0,24,24,6,1
01045,CHIN8017,10180230,12,大學國文：閱讀與寫作（二）,3.00,劉柏正,,2,一789,,25,0,0,8,8,5,17
01046,CHIN8017,10180230,13,大學國文：閱讀與寫作（二）,3.00,陳志信,,2,四789,,25,0,0,25,25,7,0
01047,CHIN8017,10180230,14,大學國文：閱讀與寫作（二）,3.00,李馥名,,2,四789,,25,0,0,25,25,6,0
01048,CHIN8017,10180230,17,大學國文：閱讀與寫作（二）,3.00,賴昶F,,2,二89,10,,25,0,0,25,25,13,0
01049,CHIN8017,10180230,19,大學國文：閱讀與寫作（二）,3.00,羅聖堡,,2,二345,,25,0,0,23,23,10,2
01050,CHIN8017,10180230,21,大學國文：閱讀與寫作（二）,3.00,劉柏正,,2,二345,,25,0,0,10,10,4,15
01051,CHIN8017,10180230,26,大學國文：閱讀與寫作（二）,3.00,魏千鈞,,2,三789,,25,0,0,25,25,10,0
01066,CHIN1084,10181012,01,大學國文：先秦兩漢文選下,3.00,丁亮,,2,一789,CD1*B20,35,0,0,29,0,0,6
01067,CHIN1084,10181012,02,大學國文：先秦兩漢文選下,3.00,張素卿,,2,一789,CD1*B21,35,0,0,34,0,0,1
01068,CHIN1086,10181022,,大學國文：文言文導讀下,3.00,張宇衛,,2,一789,CD1*DD9,25,0,0,7,0,0,18
01052,CHIN8019,10181112,01,大學國文：進階語文下,3.00,尹子玉,,2,五789,DD2,30,0,0,26,26,0,4
01053,CHIN8019,10181112,02,大學國文：進階語文下,3.00,方韻慈,,2,五789,DD2,30,0,0,26,26,0,4
01054,CHIN8019,10181112,03,大學國文：進階語文下,3.00,葉叡宸,,2,S一12四12,DD2,30,0,0,17,17,0,13
01055,CHIN8019,10181112,04,大學國文：進階語文下,3.00,黃文儀,,2,S一12四12,DD2,30,0,0,18,18,0,12
01056,CHIN8019,10181112,05,大學國文：進階語文下,3.00,葉叡宸,,2,一789,DD2,30,0,0,23,23,0,7
01057,CHIN8019,10181112,06,大學國文：進階語文下,3.00,陳建男,,2,一789,DD2,30,0,0,19,19,0,11
01058,CHIN8021,10181122,01,大學國文：中階語文下,3.00,狄君宏,,2,五789,DD2,30,0,0,20,20,0,10
01059,CHIN8021,10181122,02,大學國文：中階語文下,3.00,陳建男,,2,S一12四12,DD2,30,0,0,21,21,0,9
01060,CHIN8021,10181122,03,大學國文：中階語文下,3.00,林貝珊,,2,一789,DD2,30,0,0,18,18,0,12
01061,CHIN8021,10181122,04,大學國文：中階語文下,3.00,狄君宏,,2,四789,DD2,30,0,0,15,15,0,15
01062,CHIN8023,10181132,01,大學國文：初階語文下,3.00,李天祥,,2,三ABC,DD2,30,0,0,18,18,0,12
01063,CHIN8023,10181132,02,大學國文：初階語文下,3.00,魏千鈞,,2,三ABC,DD2,30,0,0,17,17,0,13
01064,CHIN8023,10181132,03,大學國文：初階語文下,3.00,林貝珊,,2,三ABC,DD2,30,0,0,17,17,0,13
01065,CHIN8023,10181132,06,大學國文：初階語文下,3.00,蔡佩含,,2,三ABC,DD2,30,0,0,14,14,0,16
03011,FL1004,10283030,01,英文二,3.00,蔡秀枝,,2,T一12三12,,33,0,0,31,31,0,2
03023,FL1004,10283030,02,英文二,3.00,王寶祥,,2,一,10AB,,32,0,0,32,32,0,0
03024,FL1004,10283030,03,英文二,3.00,鄭暐凡,,2,一,10AB,,32,0,0,32,32,2,0
03005,FL1004,10283030,05,英文二,3.00,鄺慧琪,,2,二234,,32,0,0,32,32,0,0
03042,FL1004,10283030,06,英文二,3.00,劉威辰,,2,二567,,34,0,0,37,14,0,0
03044,FL1004,10283030,07,英文二,3.00,劉威辰,,2,二89,10,,34,0,0,37,37,0,0
03045,FL1004,10283030,08,英文二,3.00,林婉瑜,,2,二89,10,,30,0,0,33,33,0,0
03052,FL1004,10283030,09,英文二,3.00,楊明蒼,,2,三234,,34,0,0,30,30,0,4
03053,FL1004,10283030,10,英文二,3.00,鄭暐凡,,2,三234,,34,0,0,34,34,4,0
03054,FL1004,10283030,11,英文二,3.00,李鴻瓊,,2,三234,,34,0,0,16,16,0,18
03030,FL1004,10283030,12,英文二,3.00,傅友祥,,2,四89,10,,35,0,0,34,34,0,1
03031,FL1004,10283030,13,英文二,3.00,劉亮雅,,2,四89,10,,30,0,0,27,27,0,3
03032,FL1004,10283030,14,英文二,3.00,鍾玉玨,,2,四89,10,,32,0,0,31,31,4,1
03033,FL1004,10283030,15,英文二,3.00,周昱翔,,2,四89,10,,30,0,0,20,20,0,10
03034,FL1004,10283030,16,英文二,3.00,陳春燕,,2,四89,10,,32,0,0,28,28,0,4
03046,FL1004,10283030,17,英文二,3.00,鍾玉玨,,2,二89,10,,32,0,0,32,32,6,0
03001,FL1008,10283320,01,英文(附一小時英聽)二,3.00,陶漢威,,2,一ABC,DD2,30,0,0,29,29,0,1
03002,FL1008,10283320,02,英文(附一小時英聽)二,3.00,陶漢威,,2,三ABC,DD2,30,0,0,32,32,0,0
03003,FL1008,10283320,03,英文(附一小時英聽)二,3.00,陳逸軒,,2,一ABC,DD2,30,0,0,29,29,0,1
03004,FL1008,10283320,04,英文(附一小時英聽)二,3.00,陳逸軒,,2,三ABC,DD2,30,0,0,34,34,0,0
03012,FL1008,10283320,05,英文(附一小時英聽)二,3.00,廖彥棻,,2,一345,,30,0,0,38,38,0,0
03013,FL1008,10283320,06,英文(附一小時英聽)二,3.00,黃馨瑩,,2,一345,,30,0,0,30,30,0,0
03014,FL1008,10283320,07,英文(附一小時英聽)二,3.00,黃恆綜,,2,一345,,32,0,0,32,32,0,0
03025,FL1008,10283320,08,英文(附一小時英聽)二,3.00,許以心,,2,一,10AB,,32,0,0,32,32,0,0
03026,FL1008,10283320,09,英文(附一小時英聽)二,3.00,林祐瑜,,2,一,10AB,,32,0,0,30,30,0,2
03027,FL1008,10283320,10,英文(附一小時英聽)二,3.00,黃允蔚,,2,一,10AB,,32,0,0,40,40,0,0
03028,FL1008,10283320,11,英文(附一小時英聽)二,3.00,劉威辰,,2,一,10AB,,32,0,0,38,38,0,0
03029,FL1008,10283320,12,英文(附一小時英聽)二,3.00,李立聖,,2,一,10AB,,30,0,0,20,20,0,10
03006,FL1008,10283320,13,英文(附一小時英聽)二,3.00,周昱翔,,2,二234,,32,0,0,24,24,0,8
03007,FL1008,10283320,14,英文(附一小時英聽)二,3.00,翁家傑,,2,二345,,32,0,0,29,29,0,3
03008,FL1008,10283320,15,英文(附一小時英聽)二,3.00,廖彥棻,,2,二234,,30,0,0,29,29,0,1
03009,FL1008,10283320,16,英文(附一小時英聽)二,3.00,高瑟濡,,2,二234,,32,0,0,29,29,0,3
03018,FL1008,10283320,17,英文(附一小時英聽)二,3.00,許文僊,,2,二567,,32,0,0,36,36,0,0
03019,FL1008,10283320,18,英文(附一小時英聽)二,3.00,周昱翔,,2,二567,,30,0,0,26,26,0,4
03020,FL1008,10283320,19,英文(附一小時英聽)二,3.00,蔡自青,,2,二567,,30,0,0,25,25,0,5
03043,FL1008,10283320,20,英文(附一小時英聽)二,3.00,陶漢威,,2,二567,,32,0,0,34,18,0,0
03021,FL1008,10283320,21,英文(附一小時英聽)二,3.00,廖勇超,,2,二567,,32,0,0,35,35,0,0
03047,FL1008,10283320,22,英文(附一小時英聽)二,3.00,陶漢威,,2,二89,10,,30,0,0,34,34,0,0
03048,FL1008,10283320,23,英文(附一小時英聽)二,3.00,俞燕妮,,2,二89,10,,30,0,0,14,14,0,16
03049,FL1008,10283320,24,英文(附一小時英聽)二,3.00,簡瑞碧,,2,二89,10,,40,0,0,45,45,0,0
03055,FL1008,10283320,25,英文(附一小時英聽)二,3.00,王珊珊,,2,三234,,40,0,0,31,31,0,9
03056,FL1008,10283320,26,英文(附一小時英聽)二,3.00,陶漢威,,2,三234,,30,0,0,28,28,0,2
03057,FL1008,10283320,27,英文(附一小時英聽)二,3.00,陳逸軒,,2,三234,,30,0,0,31,31,0,0
03035,FL1008,10283320,28,英文(附一小時英聽)二,3.00,俞燕妮,,2,四89,10,,30,0,0,26,26,0,4
03036,FL1008,10283320,29,英文(附一小時英聽)二,3.00,陳逸軒,,2,四89,10,,32,0,0,27,27,0,5
03037,FL1008,10283320,30,英文(附一小時英聽)二,3.00,簡瑞碧,,2,四89,10,,40,0,0,46,46,0,0
03038,FL1008,10283320,31,英文(附一小時英聽)二,3.00,高維泓,,3,四89,10,,36,0,2,28,28,0,6
03039,FL1008,10283320,32,英文(附一小時英聽)二,3.00,許文僊,,2,四89,10,,36,0,0,19,19,0,17
03015,FL1008,10283320,33,英文(附一小時英聽)二,3.00,沈曉茵,,2,一345,,32,0,0,18,18,0,14
03010,FL1008,10283320,34,英文(附一小時英聽)二,3.00,黃子岳,,2,二234,,30,0,0,23,23,0,7
03022,FL1008,10283320,35,英文(附一小時英聽)二,3.00,黃允蔚,,2,二567,,33,0,0,39,39,0,0
03058,FL1008,10283320,36,英文(附一小時英聽)二,3.00,黃子岳,,2,三234,,30,0,0,27,27,0,3
03059,FL1008,10283320,37,英文(附一小時英聽)二,3.00,陳瑋婕,,2,三234,,30,0,0,25,25,0,5
03040,FL1008,10283320,38,英文(附一小時英聽)二,3.00,陳瑋婕,,2,四89,10,,30,0,0,21,21,0,9
03050,FL1008,10283320,39,英文(附一小時英聽)二,3.00,周昱翔,,2,二89,10,,32,0,0,23,23,0,9
03016,FL1010,10283420,01,英文(附二小時英聽)二,3.00,楊乃冬,,2,一345,,32,0,0,27,27,0,5
03017,FL1010,10283420,02,英文(附二小時英聽)二,3.00,張嘉倩,,2,一345,,36,0,0,31,31,0,5
03051,FL1010,10283420,03,英文(附二小時英聽)二,3.00,高照明,,2,二89,10,,35,0,0,29,29,0,6
03060,FL1010,10283420,05,英文(附二小時英聽)二,3.00,楊乃冬,,2,三234,,32,0,0,26,26,0,6
03041,FL1010,10283420,06,英文(附二小時英聽)二,3.00,胥嘉陵,,2,四89,10,,32,0,0,33,33,0,0
02001,JpnL1002,10780012,01,日文下,3.00,孫愛維,,2,二234,CG1,36,0,0,29,29,0,7
02002,JpnL1002,10780012,02,日文下,3.00,江佩璇,,2,一345,CG2,36,0,0,36,36,1,0
02003,JpnL1002,10780012,03,日文下,3.00,洪瑟君,,2,二567,CG3,36,0,0,31,31,1,5
02007,JpnL1002,10780012,04,日文下,3.00,黃意婷,,2,三234,CG7+CGB,36,0,0,35,35,0,1
02004,JpnL1002,10780012,05,日文下,3.00,陳昭心,,2,四89,10,CG5+CG9+CGA,36,0,0,36,36,2,0
02005,JpnL1002,10780012,06,日文下,3.00,黃佳鈴,,2,四89,10,CG5+CG9+CGA,36,0,0,35,35,2,1
02006,JpnL1002,10780012,07,日文下,3.00,吳勤文,,2,二89,10,CG6,36,0,0,34,34,0,2
02008,JpnL1002,10780012,08,日文下,3.00,許惠晴,,2,三234,CG7+CGB,36,0,0,37,37,0,0
49936,CHIN1100,10111240,,人文科技的交響：新趨勢與新素養（二）,3.00,鄭毓瑜,1,2,四789,,100,0,0,95,95,34,5
81790,CHIN1050,10128320,01,音樂作品欣賞二,2.00,蔡世豪,1,3,四34,,180,0,6,167,162,225,7
74987,CHIN1050,10128320,02,音樂作品欣賞二,2.00,蔡世豪,1,3,四67,,180,0,6,168,162,200,6
21919,CHIN3036,10134590,,東南亞文史學堂,3.00,高嘉謙,1,2,四345,,100,0,10,86,86,24,4
69175,CHIN4096,10142800,,東坡詞,3.00,劉少雄,1,2,二789,,150,0,10,131,131,57,9
56010,FL3245,10236600,,公共演說、修辭敘述、講稿撰寫,3.00,傅友祥,15,2,四567,,16,0,0,16,16,9,0
17321,FL4199,10246310,,藝術與精神分析,3.00,沈志中,1,2,四678,,40,0,0,39,39,37,1
83504,Hist1511,10340270,,歷史、醫療與社會,2.00,張嘉鳳,2,2,二67,,50,0,0,44,44,46,6
85279,Hist1537,10351150,01,海峽兩岸關係史二,2.00,李君山,2,2,二67,,80,0,10,69,69,63,1
84510,Hist1537,10351150,02,海峽兩岸關係史二,2.00,李君山,2,2,五34,,80,0,10,65,65,69,5
21933,Hist1541,10351230,,臺灣歷史與人物,2.00,歐素瑛,23,2,三89,,80,0,20,57,57,43,3
13093,Hist2096,10351360,,中國古代的社會與生活,2.00,張嘉鳳,2,2,二34,,50,0,0,46,46,36,4
25440,Hist3092,10351400,,清代臺灣的移民開發與社會,2.00,李文良,2,3,三34,,100,0,0,94,94,25,6
10624,Hist1618,10351540,,近代臺灣的歷程,3.00,周婉窈,2,2,二89,10,,125,0,0,114,114,16,11
52256,Hist2104,10351660,,中國傳統法律、文化與社會,3.00,陳俊強,2,2,四789,AU0,135,110,8,121,104,32,6
36433,Hist1591,10351860,,現代中國與世界：1911-1979,3.00,王遠義,2,2,二89,10,,200,160,20,164,144,28,16
26179,Hist2109,10351890,,戰後台灣史,2.00,歐素瑛,2,2,三67,,100,80,20,76,76,88,4
18704,Hist1597,10352430,,探索台灣殖民都市空間,3.00,顏杏如,3,2,三89,10,,50,0,0,47,47,34,3
60769,Hist1600,10352470,,東亞現代史,3.00,羅士傑,2,3,三678,,200,0,40,133,133,24,27
21833,Hist3134,10352820,,遼宋金的物質世界,3.00,許雅惠,2,2,二89,10,AU0,80,60,0,57,52,14,23
78108,Hist1609,10353050,,東亞近代史,3.00,長谷川正人,23,2,四345,,110,0,2,100,100,19,8
33952,Hist1619,10353190,,臺灣的文化資產巡禮,3.00,陳冠妃,2,3,四234,,60,0,0,53,53,29,7
40793,Hist1627,10353280,,物件中的日本史,3.00,曾寶滿,23,2,五678,,80,0,0,78,78,77,2
72406,Hist1628,10353290,,中國心性修練方法論概述,2.00,吳展良,4,2,五89,,50,0,0,47,47,31,3
19016,Hist1630,10353310,,東亞歷史上的政教關係,3.00,郭珮君,23,3,二234,,80,0,0,75,75,13,5
38955,Phl1910,10407400,,東西哲學家的生命智慧,2.00,李賢中,4,2,五34,,100,0,10,85,85,42,5
53501,Phl1413,10408700,,中國哲學導論,3.00,陳志強,4,3,二234,,30,0,0,24,24,2,6
56866,Phl1511,10412100,01,邏輯,2.00,曾漢塘,4,3,五34,,100,0,6,81,81,62,13
55184,Phl1511,10412100,02,邏輯,2.00,曾漢塘,4,3,五67,,100,0,6,88,88,76,6
27304,Anth2003,105201C0,,文化人類學丙,3.00,羅素玫,35,2,二789,,80,0,4,71,52,41,5
73087,LIS1019,10612300,,資訊資源與圖書館,2.00,羅思嘉,5,2,三89,,20,20,0,17,17,8,3
30558,Thea1104,10912100,,戲曲後花園,2.00,鍾幸玲,1,2,一67,,80,0,2,77,77,164,1
30493,Thea1106,10913100,,劇場實驗：表演,2.00,符宏征,1,2,四9,10A,,20,0,0,20,20,15,0
85032,Thea1117,10915300,,當代藝術研究一,2.00,駱麗真,1,2,一BC,,20,0,0,19,16,38,1
45322,Thea2820,10924630,,沉浸式科技劇場專題實作,3.00,羅禾淋,1,2,一678,,30,18,0,26,19,20,4
34715,Thea2831,10924730,,劇場設計賞析,2.00,李柏霖,1,2,五34,,25,20,0,23,18,47,2
70528,LIS5079,126U1440,,資訊視覺化,3.00,蔡天怡,6,2,二234,,30,5,0,28,5,42,2
28325,ARHY1011,14111100,,東亞陶瓷文化史,3.00,施靜菲,13,2,四678,,60,40,10,40,40,14,10
20020,ARHY1018,14111800,,日本建築史導論,3.00,堀憲二,2,2,三789,,60,40,10,38,38,71,12
60240,ARHY1025,14112500,,台灣美術踏查,3.00,邱函妮,1,2,三345,,50,40,10,36,36,27,4
42251,ARHY1029,14112900,,墓葬中的中國藝術史,3.00,林郡儀,12,2,二89,10,,50,40,10,37,37,25,3
28736,LING5410,142U0840,,臺灣語言與社會,3.00,江文瑜,25,2,四789,,200,0,4,68,68,10,128
84599,Music3007,14430500,,古琴音樂欣賞與實習【一】,2.00,李孔元,1,2,二67,,16,0,0,0,0,0,16
51209,Music5008,144U0240,,爵士音樂,3.00,陳人彥,15,2,二789,,15,0,10,0,0,0,5
35972,TwLit1022,14510170,,臺灣現代小說選讀,3.00,張俐璇,1,2,二567,,25,0,0,25,25,31,0
13757,TwLit1025,14510200,,在地酷兒文學與網路社群文化,3.00,鄭芳婷,1,2,四678,,24,0,2,20,20,27,2
80086,TwLit1039,14510490,,臺灣文學史概論,3.00,張文薰,12,3,五678,,30,0,0,26,26,17,4
71287,TwLit1043,14510530,,中國古典文學與文藝思潮,3.00,黃美娥,1,3,二89,10,,120,0,4,92,92,18,24
14022,TwLit1044,14510540,,影像與臺灣文化,3.00,謝欣芩,1,3,二345,,35,0,2,28,28,46,5
37763,TwLit1047,14510570,,臺灣現代散文選讀：情感與人文,3.00,楊雅儒,1,2,三345,,45,0,0,41,41,42,4
67393,PTCSL7930,146U9340,,華語劇場與文化批評,3.00,汪俊彥,1,2,二789,,45,0,4,34,34,11,7
79134,Phys1007,202101A2,01,普通物理學甲下,3.00,呂榮祥,7,2,二34四34,,60,0,0,47,9,2,13
28647,Phys1007,202101A2,02,普通物理學甲下,3.00,王名儒,7,2,二34四34,CD1,75,0,0,73,9,0,2
54342,Phys1007,202101A2,03,普通物理學甲下,3.00,梁國淦,7,2,二34四34,,80,0,0,77,7,3,3
13785,Phys1007,202101A2,10,普通物理學甲下,3.00,陳凱風,7,2,二34四34,CD1,200,0,0,162,2,0,38
17973,Phys1007,202101A2,13,普通物理學甲下,3.00,趙治宇,7,2,二34四34,CD1,130,0,0,135,15,0,0
38752,Phys1007,202101A2,15,普通物理學甲下,3.00,梁啟德,7,2,三34五34,CD1,120,0,0,120,1,1,0
86333,Phys1007,202101A2,18,普通物理學甲下,3.00,楊珮芸,7,3,一89五34,CD1,70,0,4,54,9,0,12
50653,Phys1007,202101A2,19,普通物理學甲下,3.00,易富國,7,2,三34五34,CD1,48,0,0,35,2,0,13
66273,Phys1008,202101B0,05,普通物理學乙,3.00,楊珮芸,67,3,一234,,75,0,0,22,22,3,53
87546,Phys1010,202101B2,02,普通物理學乙下,3.00,胡德邦,7,2,一9,10三67,CD1,70,0,0,58,9,0,12
82070,Phys1024,20210460,,演化、宇宙、人,2.00,侯維恕,78,2,五34,,60,0,6,49,49,30,5
28094,Chem1006,203101A2,01,普通化學甲下,3.00,李弘文,7,2,三34五34,AU0*CD1,180,0,0,178,4,1,2
53399,Chem1006,203101A2,02,普通化學甲下,3.00,蔡蘊明,7,2,三34五34,AU0*CD1,120,0,0,95,6,0,25
67645,Chem1009,203101C0,02,普通化學丙,3.00,林至闓,7,2,一34四34,AY1,180,0,0,170,18,1,10
54547,AtmSci1007,20912000,,天氣與氣候,2.00,吳明進,7,2,四89,,70,0,0,66,66,51,4
24619,AtmSci5103,229U5970,,大氣環境概論,3.00,谷邁世,7,3,三234,,47,0,0,43,38,13,4
59935,Ocean5008,241U0750,01,海洋科學概論,2.00,楊穎堅,7,3,五34,,210,0,0,197,197,86,13
46496,Ocean5008,241U0750,02,海洋科學概論,2.00,楊穎堅,7,3,五67,,210,0,0,201,201,101,9
51013,IPCS1003,24710030,,理解氣候變遷,2.00,任昊佳,67,2,五34,,40,0,0,39,39,11,1
66184,IPCS3001,24730100,,氣候變遷對策：地球急轉彎,2.00,謝宜桓,57,2,五67,,42,0,0,37,37,30,5
16442,COSS1001,30010040,,東亞導論,2.00,周嘉辰,5,2,五78,,90,0,6,77,77,16,7
50073,PS4649,30210070,,電影、經典與當代重要政治議題,3.00,陶儀芬,45,2,一678,,80,70,10,69,69,64,1
50398,PS1012,30210350,01,國際關係二,2.00,郭銘傑,5,2,四67,,180,100,0,172,96,76,8
82555,PS4618,30251900,,國際關係概論,2.00,唐欣偉,5,2,四34,,83,83,0,80,80,60,3
42197,PS4644,30254100,,全球通識講座-決策者的危機處理機制,2.00,徐斯勤,5,2,四34,,200,120,80,114,114,101,6
54063,ECON1021,30310120,01,總體經濟學原理與實習,4.00,林明仁,5,2,一5三5五234,,300,0,0,296,133,14,4
63377,ECON1021,30310120,02,總體經濟學原理與實習,4.00,廖珮如,5,2,一5三5五234,,200,0,0,184,55,6,16
74023,ECON1021,30310120,03,總體經濟學原理與實習,4.00,樊家忠,5,2,一5三5五234,,300,0,10,215,77,13,75
50262,ECON1021,30310120,04,總體經濟學原理與實習,4.00,高恩琵,5,2,一5三5五345,,140,0,0,120,30,4,20
83034,ECON2025,30324720,01,深造預備英文寫作與口語表達,3.00,李佳穗,B,2,五678,,30,0,0,28,9,19,2
63030,ECON2025,30324720,02,深造預備英文寫作與口語表達,3.00,李佳穗,B,2,五789,,30,0,0,28,10,15,2
40275,ECON2028,30324750,,英文寫作入門與演練,3.00,李佳穗,B,2,四789,,20,0,0,20,3,3,0
87521,ECON5092,323U0320,,經濟學學術英文寫作,3.00,江介維,B,2,二234,,20,0,0,19,3,5,1
49953,NtlDev1083,34117940,,批判思考與公共論述,3.00,鄧志松,5,2,二345,,60,50,10,39,39,23,11
41778,NtlDev1084,34117950,,朝鮮王朝的建立與發展,2.00,姜智恩,23,2,四12,,110,110,0,101,101,69,9
21293,Med1002,40111600,,月經:理論、思潮與行動,2.00,黃韻如,58,3,三9,10,,145,0,10,131,131,136,4
82120,Med1015,40116100,,森林醫學點線面,2.00,蘇大成,8,2,四67,,250,0,40,205,205,88,5
15968,MD&PH5007,40550900,01,醫學與生活,2.00,楊榮森,8,3,三89,,160,0,0,152,152,40,8
55739,MD&PH5007,40550900,02,醫學與生活,2.00,江鴻生,8,3,三67,,120,0,0,111,111,22,9
41427,MD&PH5007,40550900,03,醫學與生活,2.00,楊榮森,8,3,三67,,160,0,0,150,150,43,10
51343,MD&PH5024,40552700,,醫學與人文,2.00,陳彥元,12,3,五67,,180,0,8,171,126,132,1
22962,NURSE5020,426U2000,,校園自殺防治守門人,3.00,吳佳儀,5,2,三789,,80,0,0,0,0,0,80
15061,Tox5009,447U2500,,毒道之處～看不見的危機!,2.00,姜至剛,78,2,一89,,250,0,10,233,233,324,7
39631,ForMed7037,452M0490,,國民法官必備之基礎鑑識科學,2.00,翁德怡,58,2,一89,,108,0,0,106,106,426,2
15236,MEBE1002,45710020,,疼痛.健康.幸福感,2.00,陳慧玲,58,2,四89,,260,0,10,243,243,261,7
53862,Gipntu7053,459M0530,,諾貝爾生醫獎得主的啟示,3.00,饒梓明,78,3,三234,,100,0,0,95,95,109,5
56477,Gipntu7054,459M0540,,生活中的科技原理,3.00,饒梓明,78,3,三678,,100,0,0,97,97,39,3
57582,Gipntu7055,459M0550,,生物科技與道德反思,3.00,饒梓明,48,3,四678,,100,0,0,92,92,12,8
26901,CIE3021,50134250,,建築導論,3.00,呂欽文,3,3,五789,,200,194,6,190,190,154,4
50166,CIE4025,50149670,,寰宇測繪,2.00,科林,7,2,三34,,40,0,0,8,8,5,32
19556,ME4110,50245350,,工程發展與社會變遷,2.00,楊申語,7,2,四67,,180,150,0,65,40,13,115
27967,ME4116,50245410,,現代科技與人類文明,2.00,楊申語,7,2,二67,,180,150,0,175,145,19,5
12001,ESOE3003,50530140,,工程及專業倫理,2.00,陳琪芳,4,2,五67,,75,0,0,70,10,28,5
70364,ME5072,522U6440,01,主題英語不尬聊,3.00,林以凡,B,2,四789,,60,30,0,39,28,17,21
82844,ME5074,522U6520,,博物館裡的工程科技與社會,3.00,黃育熙,57,2,二789,,60,40,0,55,35,10,5
66075,EnvE5007,541U0160,,綠色生產與消費,2.00,駱尚廉,57,2,四34,,80,0,0,66,66,25,14
36032,AM5035,54330020,,能源科學故事(二)：化石與再生能源,3.00,陳發林,37,3,一789,,60,0,0,50,50,9,10
15953,BSE1011,60216040,,水資源概論,2.00,張斐章,78,2,五34,,300,0,0,200,200,28,100
32758,BME5920,631U7980,,能源工程概論,3.00,陳洵毅,7,2,五678,,30,0,0,27,27,11,3
89245,ENT5069,632U1270,,食用昆蟲學,2.00,薛馬坦,8,3,五67,,240,0,20,215,205,156,5
25398,MSPM5025,645U1230,,蔬菜病害,2.00,沈原民,8,2,三67,,40,20,0,19,18,24,21
74250,MSPM5026,645U1240,01,農村生活臺語會話,2.00,沈原民,8,2,二23,,30,0,0,29,29,46,1
42635,MSPM5026,645U1240,02,農村生活臺語會話,2.00,沈原民,8,2,二45,,30,0,0,25,25,58,5
20506,MSPM5027,645U1250,,臺灣農業政策與新知,2.00,沈原民,58,2,三89,,100,0,0,96,96,33,4
28470,HPM5027,848U1200,,童年、政策與健康,2.00,張弘潔,5,2,四67,,34,20,4,24,14,19,6
21041,HPM5028,848U1210,,職場社會心理健康：政策與管理議題,2.00,鄭雅文,5,2,四89,,50,30,4,37,22,17,9
15404,IFSH5002,851U0020,,當代食品安全議題,2.00,羅宇軒,58,2,二67,,48,0,0,47,43,29,1
36421,MGH7034,853M0340,,當代全球衛生議題,3.00,李婉甄,58,2,三678,CD1,42,20,0,24,0,0,18
11064,MGH5008,853U0080,,全球衛生的在地參與,2.00,陳其欣,58,3,三9,10,,30,0,0,26,26,8,4
74433,EE4052,90160200,01,計算機程式設計,2.00,黃俊郎,6,3,五234,,50,0,0,45,45,6,5
67204,CSIE1928,90248150,,C/C++程式設計,3.00,張傑帆,6,2,一567,,80,0,0,79,79,47,1
42492,CSIE1929,90248160,,Python計算機程式設計,3.00,張傑帆,6,2,一89,10,,80,0,0,76,76,40,4
54351,CSIE1930,90248170,,數學之美,3.00,呂學一,67,3,五789,,400,0,10,154,154,28,236
56410,Data5002,946U0020,01,行動式雲端服務應用設計,3.00,葉宏謨,6,3,三6789,,40,0,10,28,28,8,2
25539,Data5006,946U0060,01,Python程式設計,3.00,林澤佑,6,3,二456,,90,0,0,85,85,42,5
26375,Data5006,946U0060,02,Python程式設計,3.00,林澤佑,6,3,二789,,90,0,0,84,84,33,6
62274,Data5006,946U0060,03,Python程式設計,3.00,林澤佑,6,2,三456,,60,0,0,57,57,21,3
84557,LS1028,B0116800,,遺傳工程概論,2.00,鄭貽生,8,3,三89,,80,0,0,37,37,10,43
30101,LS1034,B0117030,,現代生物學之應用,2.00,朱家瑩,8,3,四89,,180,0,10,55,55,24,115
86365,BST1006,B0211010,01,食品營養概論,2.00,林璧鳳,8,3,四67,,200,0,0,146,138,18,54
21149,BST2007,B0220302,,微生物學下,2.00,黃慶璨,8,3,三34,,102,0,12,80,9,0,10
72583,GenSys5023,B48U0420,01,以Excel進行資料分析,2.00,林友瑜,6,3,一67,,120,100,20,98,98,126,2
67901,GenSys5023,B48U0420,02,以Excel進行資料分析,2.00,林友瑜,6,3,一34,,50,30,20,29,29,128,1
54186,GenSys5023,B48U0420,03,以Excel進行資料分析,2.00,林友瑜,6,3,三34,,50,30,20,30,30,66,0
18338,LibEdu1020,H0102000,,鋼琴作品與演奏欣賞,2.00,張欽全,1,2,四89,,130,0,0,130,130,374,0
49140,LibEdu1021,H0102100,,邏輯,2.00,傅皓政,4,3,一67,,270,0,0,266,266,212,4
45345,LibEdu1027,H0102700,,猶太文化,3.00,曾宗盛,3,2,三89,10,,70,0,4,64,64,38,2
70318,LibEdu1042,H0103000,,歐洲啟蒙運動中的政治與社會性,2.00,陳禹仲,35,2,二34,,50,0,4,41,41,39,5
47572,LibEdu1044,H0104400,,當代基督教歷史與文化,3.00,鄭仰恩,3,2,一89,10,,100,0,0,100,100,52,0
61741,LibEdu1050,H0105000,,探索臺灣:臺灣電影與臺灣社會,2.00,郭任@,5,2,二34,,98,0,6,86,86,51,6
78325,LibEdu1067,H0106700,,你所不知道的昆蟲學,3.00,曹順成,8,3,四789,,30,0,0,30,30,17,0
51342,LibEdu1078,H0107800,,探索臺灣：女性與臺灣社會,2.00,郭任@,5,2,一34,,98,0,6,91,91,40,1
60811,LibEdu1087,H0108700,,生物學上的巨擘,2.00,曹順成,8,3,四34,,30,0,0,27,27,14,3
54375,LibEdu1093,H0109300,,心靈洞察與發現熱情,3.00,錢玉芬,4,2,三234,,60,0,0,54,54,42,6
66254,LibEdu1098,H0109800,,國會與憲政民主,2.00,劉有恒,5,2,二67,,100,0,6,89,89,42,5
45939,LibEdu1099,H0109900,,議事學,2.00,劉有恒,5,2,二89,,80,0,6,67,67,22,7
25812,LibEdu1104,H0110600,,協調溝通與衝突管理,2.00,徐顯國,5,2,W二234,,25,0,0,24,24,48,1
17895,LibEdu1106,H0110800,,職場倫理與職場精神,3.00,洪英正,4,3,一789,,100,0,12,85,85,88,3
69290,LibEdu1080,H0111100,,非營利組織經營與管理(NPO之戀),2.00,粘曉菁,5,2,四34,,80,0,0,78,78,70,2
25477,LibEdu1108,H0111300,,傳統中國人文思想與自然,3.00,唐格理,4,3,五789,,65,0,0,42,42,9,23
36605,LibEdu1110,H0111500,,戲說生物學,3.00,曹順成,8,3,一234,,30,0,0,30,30,31,0
24080,LibEdu1112,H0111700,,鄂圖曼土耳其的文化、藝術及歷史,2.00,丁蕊,13,2,四34,,90,0,0,86,86,155,4
37963,LibEdu1114,H0111900,,歷史學的空間與網絡分析,2.00,林牧之,2,2,四89,,80,0,0,44,44,18,36
74237,LibEdu1115,H0112000,,人文與科技的對話,2.00,袁孝維,47,2,三67,,550,0,10,486,486,62,54
87235,LibEdu1116,H0112100,,科學的歷史進展對宗教信仰與形上學的影響,2.00,梁明義,4,2,四89,,100,0,0,45,45,9,55
23335,LibEdu1117,H0112200,,鄂圖曼土耳其的文化、藝術及歷史(16至18世紀),2.00,丁蕊,13,2,四67,,90,0,0,88,88,102,2
34382,LibEdu1119,H0112400,,邏輯思考與應用,2.00,王銀國,4,3,三89,,120,0,0,114,114,109,6
23656,GenEdu1009,H0210600,,中文學術寫作入門,2.00,李冠穎,B,3,二67,,30,0,0,13,13,6,17
68467,GenEdu5010,H0250070,,程式設計與網路資料搜集,3.00,魏聖倫,6,2,二56,10,,110,0,0,83,83,5,27
20948,GenEdu5018,H0250150,01,電影、信仰與道德,3.00,張毅民,14,3,二234,,50,0,0,50,50,80,0
32625,GenEdu5018,H0250150,02,電影、信仰與道德,3.00,張毅民,14,3,二89,10,,50,0,0,50,50,87,0
86412,GenEdu5018,H0250150,03,電影、信仰與道德,3.00,張毅民,14,3,三789,,40,0,0,35,35,35,5
17317,GenEdu5019,H0250160,,AI與宗教,3.00,張毅民,4,3,四789,,50,0,0,26,26,8,24
76176,GenEdu5020,H0250170,,世界文明：宗教文化與藝術,3.00,張毅民,13,3,四234,,50,0,0,48,48,33,2
44736,GenEdu5022,H0250190,,超前部署你的職涯,2.00,徐瑋勵,B,2,一78,,200,0,12,0,0,0,188
76463,GenEdu5023,H0250210,,南亞社會與樂舞表演,3.00,黃佩玲,13,2,一789,,36,0,10,25,25,14,1
17989,GenEdu5024,H0250220,01,人類世的應用音樂學,3.00,黃佩玲,15,2,二234,,70,0,10,33,33,8,27
62712,GenEdu5024,H0250220,02,人類世的應用音樂學,3.00,黃佩玲,15,2,三234,,15,0,0,13,13,10,2
95031,GenEdu5027,H0250250,,管理英文,3.00,王伯雅,B,2,三234,,25,0,0,25,25,11,0
28634,IMPS1002,H4110010,01,統計Let'sGO,3.00,蘇士詠,6,2,四234,,50,0,0,47,47,26,3
61484,IMPS1002,H4110010,02,統計Let'sGO,3.00,蘇士詠,6,2,四678,,50,0,0,24,24,3,26
52715,IMPS1004,H4110040,01,Python人工智慧程式設計入門,3.00,陳彥賓,6,2,二678,,40,0,0,37,37,14,3
55704,IMPS1004,H4110040,02,Python人工智慧程式設計入門,3.00,陳彥賓,6,2,二ABC,,40,0,0,36,36,32,4
42053,IMPS1004,H4110040,03,Python人工智慧程式設計入門,3.00,陳彥賓,6,2,三234,,30,0,0,28,28,16,2
86028,IMPS1001,H4111000,,統計與生活,3.00,蘇士詠,6,3,三234,,90,0,0,83,83,25,7
23240,MPB1300,H4413010,01,猩球崛起－世界的靈長類,3.00,李婉儀,8,2,三678,,85,0,0,39,39,8,46
80163,MPB1300,H4413010,02,猩球崛起－世界的靈長類,3.00,李婉儀,8,2,二234,,50,0,0,49,49,19,1
79379,MPB5270,H44U5270,,熱帶生物多樣性與保育導論,3.00,李婉儀,8,2,二678,,85,0,0,43,43,6,42
11487,INTL2200,I0022000,,認識全球與在地國際化,2.00,袁孝維,35,2,四89,,240,0,10,193,193,33,37
80662,Prog5198,P36U2400,,解決問題理論與實務,3.00,李聖?,5,2,一ABCD,,60,0,4,0,0,0,56
72572,Prog5230,P36U2700,,公民教育概論與實踐,3.00,丁照棣,45,2,一89,10,,60,0,8,44,44,12,8
72915,Prog5251,P36U2900,,領導力講座,2.00,丁照棣,5,3,二67,,150,0,10,136,136,69,4
32538,Prog3002,P4830200,,日本外交探討,2.00,何思慎,2,2,一89,AU1,35,0,20,15,15,38,0
61132,Prog0003,P6300110,,生命美學,3.00,孫效智,B,2,二89,10,,30,0,0,0,0,0,30
88799,Write5015,Q01U0510,01,框架外的思考:五分鐘英文講台,3.00,李維晏,B,3,二567,,40,0,0,38,38,7,2
33674,Write5015,Q01U0510,02,框架外的思考:五分鐘英文講台,3.00,李維晏,B,3,二678,,42,0,2,33,33,8,7
15845,Write5018,Q01U0520,01,職場英文寫作與口語表達,3.00,陳巧玲,B,3,四567,,40,0,0,37,37,35,3
80345,Write5018,Q01U0520,02,職場英文寫作與口語表達,3.00,陳巧玲,B,3,四678,,42,0,2,39,39,35,1
35941,Write5019,Q01U0530,01,深造預備英文寫作,3.00,胡至柔,B,3,四234,,40,0,0,37,37,40,3
47040,Write5019,Q01U0530,02,深造預備英文寫作,3.00,胡至柔,B,3,四345,,42,0,2,39,39,27,1
30592,Write5020,Q01U0540,01,英語演說與溝通技巧,3.00,柯凱H,B,3,一234,,40,0,0,37,37,40,3
55288,Write5020,Q01U0540,02,英語演說與溝通技巧,3.00,柯凱H,B,3,一345,,42,0,2,39,39,21,1
27441,Write5023,Q01U0570,01,實用英文寫作,3.00,熊宜君,B,3,二567,,40,0,0,35,35,24,5
49821,Write5023,Q01U0570,02,實用英文寫作,3.00,熊宜君,B,3,二678,,42,0,2,38,38,23,2
57262,Write5024,Q01U0580,01,小故事，大世界,3.00,李維晏,B,3,三678,,40,0,0,39,39,22,1
78787,Write5024,Q01U0580,02,小故事，大世界,3.00,李維晏,B,3,三789,,42,0,2,39,39,14,1
42743,Write5029,Q01U0620,01,讀中生智(二)：批判英文閱讀,2.00,葉芳萍,B,3,四67,,52,0,2,21,21,6,29
54376,Write5029,Q01U0620,02,讀中生智(二)：批判英文閱讀,2.00,胡至柔,B,3,三45,,52,0,2,29,29,1,21
18611,Write5030,Q01U0630,,讀中生智(三)：時事思辯,2.00,胡至柔,B,3,五34,,32,0,2,29,29,5,1
73202,Write5033,Q01U0660,01,英文專題寫作,3.00,熊宜君,B,3,三234,,32,0,2,28,28,11,2
88556,Write5033,Q01U0660,02,英文專題寫作,3.00,葉芳萍,B,3,三678,,32,0,2,25,25,5,5
13081,Write5035,Q01U0680,,英文即席演講溝通術,2.00,胡至柔,B,3,二67,,32,0,2,28,28,13,2
66431,Write5036,Q01U0690,,新媒體AI應用英文寫作,2.00,歐墨然,B,3,二34,,42,0,2,38,38,17,2
24229,Write5016,Q01U0740,,提筆表達你的觀點：批判寫作,3.00,趙雄健,B,3,四678,,32,0,2,19,19,2,11
26683,Write5017,Q01U0750,,創意與寫作表達,3.00,蘇虹菱,B,3,一345,,32,0,2,28,28,23,2
26050,Write5025,Q01U0760,,科學說人話：科普寫作,3.00,蘇虹菱,B,3,三345,,32,0,2,26,26,5,4
33344,Write5037,Q01U0770,,自我行銷有一套:實用中文寫作,3.00,蘇虹菱,B,3,三678,,32,0,2,28,28,11,2
61609,Write5038,Q01U0800,,科技英文寫作與表達,3.00,陳翊齊,B,3,三89,10,,42,0,2,37,37,7,3
96003,TA10310171,TA01UG006,91,臺灣小說選讀,2.00,林淑慧,1,3,三34,,3,0,0,3,3,8,0
96005,TA10720002,TA01UG033,99,音樂與戲劇,2.00,王望舒,1,3,三34,,2,0,0,2,2,14,0
96007,TA10310193,TA03UG012,14,臺灣流行文化,2.00,莊佳穎,15,3,五34,,3,0,0,3,3,13,0
96008,TA10810001,TA04UG022,32,流行文化與亞際溝通,2.00,蔡如音,5,3,四34,,5,0,0,4,4,4,1
96010,TA11120003,TA05UG010,47,科學的語言,2.00,蔡承志,6,3,二89,,2,0,0,2,2,1,0
96011,TA10310214,TA05UG011,48,科技倫理,2.00,劉啟民,5,3,一67,,3,0,0,3,3,2,0
96012,TA10310214,TA05UG011,49,科技倫理,2.00,劉啟民,5,3,一89,,3,0,0,2,2,3,1
96041,TA10310220,TA06UG004,80,星星月亮太陽－天文漫談,2.00,橋本康,78,3,三34,,25,0,0,23,23,27,2
96043,TA10710001,TA06UG021,89,宇宙中的生命與太空環境,2.00,橋本康,78,3,三67,,30,0,0,28,28,20,2
96048,TA10310260,TA0SUG514,27,博物館探索,2.00,黃玫瑄,2,3,三67,,5,0,0,5,5,33,0
96391,TA10918811,TANTNU033,94,舞蹈鑑賞,3.00,王宏豪,1,3,四234,,5,0,0,5,5,6,0
98172,TB10810028,TBIBG0073,01,時事漫談智慧財產與科技法,2.00,Richar,5,3,二67,,5,0,0,5,5,3,0
98253,TB10620040,TBTCG0783,01,大數據與程式設計導論,2.00,李啟龍,6,3,一,109,,2,0,0,2,2,3,0
98259,TB10710039,TBTCG0873,01,愛情多樣性,2.00,許碩驛,58,3,五67,,15,0,0,15,15,88,0
98280,TB11110024,TBTCG1233,01,聊天機器人與文化探索,2.00,陳錦瑜,5,3,二34,,2,0,0,2,2,3,0
98281,TB11110026,TBTCG1263,01,資訊素養與媒體識讀,2.00,洪秀錦,5,3,二67,,2,0,0,2,2,0,0
98282,TB11110026,TBTCG1263,02,資訊素養與媒體識讀,2.00,洪秀錦,5,3,二89,,2,0,0,2,2,1,0
98283,TB11110027,TBTCG1273,01,中醫學概論,2.00,彭溫雅,8,3,三12,,2,0,0,2,2,14,0
98285,TB11110030,TBTCG1303,01,歐盟、全球化－跨域在地思考永續發展目標,2.00,楊永慈,5,3,三89,,2,0,0,2,2,2,0
98286,TB11120055,TBTCG1313,01,STREAM導論,3.00,黃淑怡,5,3,三678,,2,0,0,0,0,0,2
98287,TB11120056,TBTCG1323,01,社會創新與地方創生,2.00,黃信洋,5,3,三34,,2,0,0,2,2,6,0
98288,TB11120057,TBTCG1333,01,傳播科技發展與文化,2.00,洪秀錦,35,3,四67,,2,0,0,2,2,1,0
98289,TB11120057,TBTCG1333,02,傳播科技發展與文化,2.00,洪秀錦,35,3,四,109,,2,0,0,1,1,2,1
98290,TB11120058,TBTCG1343,01,配色的基礎與實踐,2.00,蕭琇霙,1,3,四AB,,2,0,0,2,2,21,0
98292,TB11120078,TBTCG1363,01,文化遺產與永續發展,2.00,林宜珍,35,3,二67,,2,0,0,2,2,5,0
98293,TB11120078,TBTCG1363,02,文化遺產與永續發展,2.00,林宜珍,35,3,二89,,2,0,0,2,2,1,0
98294,TB11210031,TBTCG1393,01,網路與心理健康,2.00,許碩驛,5,3,五34,,15,0,0,13,13,20,2
98296,TB11210033,TBTCG1413,01,原住民藝術與策展實務,2.00,曾瓊慧,1,3,一,109,,2,0,0,2,2,5,0
98299,TB11220043,TBTCG1463,01,城南小旅行,2.00,黃信洋,5,3,二34,,2,0,0,1,1,9,1
98306,TB11220048,TBTCG1513,01,時代與妝扮美學,2.00,石美芳,5,3,四12,,2,0,0,2,2,6,0
86924,DS5104,Z01U0130,01,設計思考入門,1.00,陳怡V,B,2,W六123456789,,50,0,2,0,0,0,48
17193,DS5104,Z01U0130,02,設計思考入門,1.00,袁千雯,B,2,W六123456789,,50,0,2,0,0,0,48
59347,DS5206,Z01U0200,,設計未來,1.00,宋玫玫,B,2,,,28,0,2,0,0,0,26
69525,DS5105,Z01U0240,,設計思考教練人才培育課程,3.00,陳怡V,B,2,二ABC,,20,0,2,0,0,0,18
48525,DS5208,Z01U0250,,影像戰鬥營,3.00,吳米森,B,2,,,12,0,6,0,0,0,6
42454,DS5210,Z01U0270,,設計你的人生,3.00,蔡文傑,B,2,一234,,25,0,4,0,0,0,21
49523,DS5315,Z01U0410,,在地展齡：「家文化」專題,3.00,陳懷萱,B,2,,,15,0,4,0,0,0,11
50582,DS5117,Z01U0840,,看電影學愛情,2.00,,14,2,四ABCD,,70,0,6,62,62,524,2
28036,GenEdu1000,H0210100,01,新生專題,2.00,顧記華,,3,三AB,AY1,25,0,0,24,24,47,1
63828,GenEdu1000,H0210100,02,新生專題,2.00,楊申語,,2,二AB,AY1,25,0,0,24,24,36,1
80812,GenEdu1000,H0210100,03,新生專題,2.00,鄭秋萍,,2,一AB,AY1,20,0,0,20,20,35,0
27698,GenEdu1000,H0210100,04,新生專題,2.00,曹順成,,3,一AB,AY1*DD9,10,0,0,0,0,0,10
15248,GenEdu1000,H0210100,05,新生專題,2.00,李昆達,,2,二AB,AY1,25,0,0,25,25,30,0
87512,GenEdu1000,H0210100,06,新生專題,2.00,張俊哲,,2,二AB,AY1,20,0,0,0,0,0,20
22286,GenEdu1000,H0210100,07,新生專題,2.00,陳敏慧,,2,四67,AY1,25,0,0,19,19,5,6
50158,GenEdu1000,H0210100,08,新生專題,2.00,邱于真,,2,四AB,AY1,17,0,0,17,17,30,0
20580,GenEdu1000,H0210100,09,新生專題,2.00,賴亮全,,2,三,10A,AY1*DD2,25,0,0,9,9,1,16
73331,GenEdu1000,H0210100,10,新生專題,2.00,楊馥菱,,3,一89,AY1,20,0,0,20,20,17,0
95017,GenEdu1000,H0210100,11,新生專題,2.00,陽毅平,,2,四89,AY1*DD2,20,10,0,10,10,3,10
97001,PE2003,00250020,45,體適能(一),1.00,蔡秀華,,2,一67,AX2*E02,40,0,0,28,28,12,12
97002,PE2003,00250020,I5,體適能(一),1.00,王翊澤,,2,二12,AX2,44,0,0,44,44,14,0
97003,PE1007,00250080,D5,適應體育(生理班),1.00,黃英哲,,2,五67,AX2,15,0,0,9,9,0,6
97004,PE1005,00250090,68,適應體育(肢體班),1.00,胡林煥,,2,一67,AX2,10,0,0,6,6,0,4
97005,PE2028,00250290,52,現代舞,1.00,李文心,,2,二67,AX2,40,0,0,40,40,20,0
97006,PE2028,00250290,53,現代舞,1.00,李文心,,2,三67,AX2,40,0,0,40,40,29,0
97007,PE2028,00250290,54,現代舞,1.00,李文心,,2,三89,AX2,40,0,0,38,38,23,2
97008,PE2030,00250310,I3,標準舞,1.00,王學富,,2,三67,AX2,48,0,0,30,30,9,18
97009,PE2030,00250310,I4,標準舞,1.00,王學富,,2,三89,AX2,48,0,0,19,19,6,29
97010,PE2032,00250330,A9,民族舞蹈,1.00,林子文,,2,三34,AX2,40,0,0,16,16,7,24
97011,PE2032,00250330,H1,民族舞蹈,1.00,林子文,,2,一34,AX2,40,0,0,39,39,14,1
97012,PE2032,00250330,H4,民族舞蹈,1.00,林子文,,2,四34,AX2,40,0,0,33,33,4,7
97013,PE2034,00250370,22,太極劍,1.00,游添燈,,2,三67,AX2,50,0,0,49,49,19,1
97014,PE2036,00250390,18,太極拳初級,1.00,游添燈,,2,一67,AX2,50,0,0,50,50,23,0
97015,PE2036,00250390,19,太極拳初級,1.00,游添燈,,2,一89,AX2,50,0,0,49,49,26,1
97016,PE2036,00250390,20,太極拳初級,1.00,游添燈,,2,二67,AX2,50,0,0,47,47,27,3
97017,PE2036,00250390,21,太極拳初級,1.00,游添燈,,2,二89,AX2,50,0,0,50,50,30,0
97018,PE2036,00250390,F5,太極拳初級,1.00,施登堯,,2,三12,AX2,50,0,0,49,49,34,1
97019,PE2037,00250400,F6,太極拳中級,1.00,施登堯,,2,三34,AX2,50,0,0,7,7,4,43
97020,PE2041,00250440,12,柔道初級,1.00,黃國恩,,2,二12,AX2,40,0,0,40,40,19,0
97021,PE2041,00250440,13,柔道初級,1.00,黃國恩,,2,三12,AX2,40,0,0,40,40,31,0
97022,PE2041,00250440,14,柔道初級,1.00,黃國恩,,2,三34,AX2,40,0,0,39,39,26,1
97023,PE2041,00250440,87,柔道初級,1.00,蘇玫尹,,2,一67,AX2,35,0,0,34,34,27,1
97024,PE2041,00250440,89,柔道初級,1.00,蘇玫尹,,2,二67,AX2,35,0,0,35,35,25,0
97025,PE5002,00250570,06,手球中級,1.00,黃欽永,,2,一89,AX2,48,0,0,38,38,5,10
97026,PE5002,00250570,A7,手球中級,1.00,許君恆,,2,五34,AX2,36,0,0,26,26,8,10
97027,PE2050,00250580,A5,手球初級,1.00,許君恆,,2,三34,AX2,32,0,0,32,32,20,0
97028,PE2050,00250580,A6,手球初級,1.00,許君恆,,2,三67,AX2,32,0,0,30,30,22,2
97168,PE2051,00250590,N3,女手球校隊,1.00,許君恆,,2,一ABCD三ABCD,,40,0,0,1,1,0,39
97169,PE2052,00250600,K4,男手球校隊,1.00,黃欽永,,2,一ABCD三ABCD,,40,0,0,7,7,0,33
97029,PE2053,00250630,69,游泳初級,1.00,胡林煥,,2,一89,AX2,40,0,0,38,38,16,2
97030,PE2053,00250630,76,游泳初級,1.00,林謙如,,2,三67,AX2,40,0,0,39,39,12,1
97031,PE2053,00250630,A1,游泳初級,1.00,吳明翰,,2,四12,AX2,40,0,0,38,38,30,2
97032,PE2053,00250630,A2,游泳初級,1.00,許君恆,,2,一34,AX2,40,0,0,38,38,23,2
97033,PE2053,00250630,A3,游泳初級,1.00,許君恆,,2,一67,AX2,40,0,0,40,40,12,0
97034,PE2053,00250630,A4,游泳初級,1.00,許君恆,,2,二34,AX2,40,0,0,40,40,8,0
97035,PE2054,00250640,74,游泳中級,1.00,林謙如,,2,二67,AX2,40,0,0,27,27,4,13
97036,PE2054,00250640,77,游泳中級,1.00,林謙如,,2,三89,AX2,40,0,0,21,21,6,19
97037,PE2054,00250640,79,游泳中級,1.00,林謙如,,2,五67,AX2,40,0,0,38,38,10,2
97038,PE2055,00250650,D6,水球,1.00,黃英哲,,2,五89,AX2,40,0,0,39,39,38,1
97170,PE2058,00250680,N1,女游泳校隊,1.00,林謙如,,2,二,10AB四,10AB六,10AB,,40,0,0,0,0,0,40
97171,PE2059,00250690,M9,男游泳校隊,1.00,林謙如,,2,一,10AB三,10AB五,10AB,,40,0,0,1,1,0,39
97172,PE2062,00250740,K8,女田徑校隊,1.00,蔡秀華,,2,一AB四AB,,40,0,0,7,7,0,33
97173,PE2063,00250750,K7,男田徑校隊,1.00,簡坤鐘,,2,一ABC二ABC四ABC,,40,0,0,15,15,2,25
97039,PE2064,00250780,05,羽球初級,1.00,黃欽永,,2,一67,AX2,36,0,0,35,35,56,1
97040,PE2064,00250780,08,羽球初級,1.00,黃欽永,,2,三67,AX2,48,0,0,45,45,72,3
97041,PE2064,00250780,09,羽球初級,1.00,黃欽永,,2,三89,AX2,48,0,0,48,48,50,0
97042,PE2064,00250780,10,羽球初級,1.00,黃國恩,,2,一12,AX2,48,0,0,48,48,33,0
97043,PE2064,00250780,11,羽球初級,1.00,黃國恩,,2,一34,AX2,48,0,0,46,46,38,2
97045,PE2064,00250780,33,羽球初級,1.00,連家瑩,,2,二12,AX2,48,0,0,46,46,57,2
97046,PE2064,00250780,34,羽球初級,1.00,連家瑩,,2,二34,AX2,48,0,0,46,46,67,2
97047,PE2064,00250780,36,羽球初級,1.00,連家瑩,,2,四12,AX2,48,0,0,48,48,93,0
97048,PE2064,00250780,55,羽球初級,1.00,李文心,,2,四67,AX2,48,0,0,47,47,75,1
97049,PE2064,00250780,56,羽球初級,1.00,李文心,,2,四89,AX2,48,0,0,47,47,100,1
97050,PE2064,00250780,57,羽球初級,1.00,呂碧琴,,2,一12,AX2,36,0,0,36,36,52,0
97051,PE2064,00250780,58,羽球初級,1.00,呂碧琴,,2,一34,AX2,36,0,0,36,36,56,0
97052,PE2064,00250780,61,羽球初級,1.00,呂碧琴,,2,五12,AX2,36,0,0,35,35,51,1
97053,PE2064,00250780,94,羽球初級,1.00,洪巧菱,,2,四67,AX2,42,0,0,39,39,27,3
97054,PE2064,00250780,95,羽球初級,1.00,洪巧菱,,2,四89,AX2,42,0,0,41,41,37,1
97055,PE2064,00250780,D1,羽球初級,1.00,陳美莉,,2,三12,AX2,48,0,0,48,48,70,0
97056,PE2064,00250780,D2,羽球初級,1.00,陳美莉,,2,三34,AX2,48,0,0,47,47,75,1
97057,PE2064,00250780,D3,羽球初級,1.00,李坤培,,2,一12,AX2,48,0,0,45,45,77,3
97058,PE2064,00250780,D4,羽球初級,1.00,李坤培,,2,一34,AX2,48,0,0,44,44,89,4
97059,PE2065,00250790,29,羽球中級,1.00,陳志一,,2,一89,AX2,48,0,0,47,47,13,1
97060,PE2065,00250790,30,羽球中級,1.00,陳志一,,2,二67,AX2,48,0,0,39,39,11,9
97061,PE2065,00250790,31,羽球中級,1.00,陳志一,,2,二89,AX2,48,0,0,42,42,9,6
97062,PE2065,00250790,37,羽球中級,1.00,連家瑩,,2,四34,AX2,48,0,0,48,48,6,0
97174,PE2068,00250820,M2,女羽球校隊,1.00,連家瑩,,2,二ABCD四ABCD,,40,0,0,15,15,1,25
97175,PE2069,00250830,L3,男羽球校隊,1.00,陳志一,,2,二ABCD四ABCD,,40,0,0,13,13,2,27
97063,PE2071,00250860,47,足球初級,1.00,楊裕隆,,2,二89,AX2,44,0,0,44,44,25,0
97064,PE2071,00250860,51,足球初級,1.00,楊裕隆,,2,四89,AX2,44,0,0,42,42,23,2
97065,PE2072,00250870,49,足球中級,1.00,楊裕隆,,2,三89,AX2,44,0,0,29,29,4,15
97176,PE2073,00250880,K9,男足球校隊,1.00,楊裕隆,,2,二ABCD三ABCD五ABCD六1234,,40,0,0,22,22,1,18
97066,PE2074,00250900,04,桌球初級,1.00,林信甫,,2,二34,AX2,48,0,0,47,47,38,1
97067,PE2074,00250900,38,桌球初級,1.00,呂宛蓁,,2,一67,AX2,48,0,0,47,47,72,1
97068,PE2074,00250900,39,桌球初級,1.00,呂宛蓁,,2,一89,AX2,48,0,0,48,48,69,0
97069,PE2074,00250900,42,桌球初級,1.00,呂宛蓁,,2,三89,AX2,48,0,0,47,47,62,1
97070,PE2074,00250900,84,桌球初級,1.00,趙曉涵,,2,四67,AX2,48,0,0,48,48,57,0
97071,PE2074,00250900,85,桌球初級,1.00,趙曉涵,,2,四89,AX2,48,0,0,47,47,66,1
97072,PE2074,00250900,D7,桌球初級,1.00,王傑賢,,2,二67,AX2,48,0,0,48,48,39,0
97073,PE2074,00250900,I6,桌球初級,1.00,王翊澤,,2,三12,AX2,48,0,0,48,48,76,0
97074,PE2074,00250900,I8,桌球初級,1.00,王翊澤,,2,四12,AX2,48,0,0,47,47,112,1
97075,PE2074,00250900,I9,桌球初級,1.00,王翊澤,,2,四34,AX2,48,0,0,48,48,55,0
97076,PE2075,00250910,D8,桌球中級,1.00,王傑賢,,2,二89,AX2,48,0,0,46,46,6,2
97077,PE2075,00250910,I7,桌球中級,1.00,王翊澤,,2,三34,AX2,48,0,0,48,48,4,0
97177,PE2077,00250930,L5,女桌球校隊,1.00,林信甫,,2,一ABC四ABC,,40,0,0,3,3,1,37
97178,PE2079,00250950,L4,男桌球校隊,1.00,林信甫,,2,一ABC四ABC,,40,0,0,2,2,0,38
97078,PE2080,00250960,32,排球初級,1.00,陳志一,,2,三34,AX2,42,0,0,42,42,36,0
97079,PE2080,00250960,40,排球初級,1.00,呂宛蓁,,2,二67,AX2,42,0,0,40,40,44,2
97080,PE2080,00250960,41,排球初級,1.00,呂宛蓁,,2,二89,AX2,42,0,0,42,42,52,0
97081,PE2080,00250960,72,排球初級,1.00,胡林煥,,2,三67,AX2,42,0,0,40,40,34,2
97082,PE2080,00250960,73,排球初級,1.00,胡林煥,,2,三89,AX2,42,0,0,41,41,43,1
97083,PE2081,00250970,70,排球中級,1.00,胡林煥,,2,二12,AX2,42,0,0,41,41,19,1
97084,PE2081,00250970,71,排球中級,1.00,胡林煥,,2,二34,AX2,42,0,0,41,41,13,1
97179,PE2082,00250980,M4,女排球校隊,1.00,呂宛蓁,,2,一ABCD三ABCD,,40,0,0,1,1,0,39
97180,PE2083,00250990,L6,男排球校隊,1.00,胡林煥,,2,一ABCD三ABCD,,40,0,0,13,13,0,27
97085,PE2084,00251010,63,籃球初級,1.00,林聯喜,,2,一12,AX2,44,0,0,42,42,23,2
97086,PE2084,00251010,64,籃球初級,1.00,林聯喜,,2,一34,AX2,44,0,0,44,44,14,0
97087,PE2084,00251010,C6,籃球初級,1.00,林威名,,2,五12,AX2,44,0,0,42,42,32,2
97088,PE2084,00251010,C7,籃球初級,1.00,林威名,,2,五34,AX2,44,0,0,43,43,23,1
97089,PE2084,00251010,C8,籃球初級,1.00,曾郁嫻,,2,二12,AX2*E02,44,0,0,30,30,9,14
97090,PE2084,00251010,F3,籃球初級,1.00,李永祥,,2,一67,AX2,44,0,0,42,42,24,2
97091,PE2084,00251010,F4,籃球初級,1.00,李永祥,,2,一89,AX2,44,0,0,43,43,17,1
97092,PE2085,00251020,C9,籃球中級,1.00,曾郁嫻,,2,二34,AX2,44,0,0,32,32,5,12
97093,PE2085,00251020,F1,籃球中級,1.00,逄廣華,,2,三34,AX2,44,0,0,43,43,5,1
97181,PE2086,00251030,L9,女籃球校隊,1.00,曾郁嫻,,2,二,10AB四CD六1234,,40,0,0,2,2,0,38
97182,PE2087,00251040,M6,男籃球校隊,1.00,林聯喜,,2,二CD四AB,,40,0,0,6,6,1,34
97094,PE2088,00251060,17,高爾夫初級,1.00,康正男,,2,二67,AX2,36,0,0,35,35,26,1
97095,PE2088,00251060,F2,高爾夫初級,1.00,簡坤鐘,,2,二89,AX2,36,0,0,36,36,46,0
97096,PE2088,00251060,F9,高爾夫初級,1.00,周德賢,,2,三12,AX2,36,0,0,36,36,33,0
97097,PE2088,00251060,G1,高爾夫初級,1.00,周德賢,,2,三34,AX2,36,0,0,36,36,31,0
97183,PE2091,00251090,M7,高爾夫校隊,1.00,洪巧菱,,2,六01234,,40,0,0,9,9,1,31
97098,PE2092,00251120,G4,壘球初級,1.00,周德賢,,2,五12,AX2,48,0,0,19,19,15,29
97099,PE2092,00251120,G5,壘球初級,1.00,周德賢,,2,五34,AX2,48,0,0,28,28,15,20
97184,PE2095,00251150,L1,女壘球校隊,1.00,呂碧琴,,2,六6789,10,,40,0,0,12,12,0,28
97185,PE2096,00251160,K2,男壘球校隊,1.00,康正男,,2,六1234,,40,0,0,14,14,0,26
97100,PE2097,00251180,15,棒球初級,1.00,康正男,,2,一12,AX2,48,0,0,33,33,11,15
97101,PE2097,00251180,16,棒球初級,1.00,康正男,,2,一34,AX2,48,0,0,25,25,11,23
97102,PE2097,00251180,B5,棒球初級,1.00,呂祐華,,2,二34,AX2,48,0,0,47,47,11,1
97103,PE2097,00251180,B6,棒球初級,1.00,呂祐華,,2,二67,AX2,48,0,0,47,47,10,1
97104,PE2097,00251180,G2,棒球初級,1.00,周德賢,,2,四12,AX2,48,0,0,37,37,18,11
97105,PE2097,00251180,G3,棒球初級,1.00,周德賢,,2,四34,AX2,48,0,0,27,27,11,21
97106,PE2098,00251190,B7,棒球中級,1.00,呂祐華,,2,三34,AX2,48,0,0,27,27,4,21
97107,PE2098,00251190,B8,棒球中級,1.00,呂祐華,,2,三67,AX2,48,0,0,37,37,4,11
97186,PE2099,00251200,K1,棒球校隊,1.00,呂祐華,,2,六1234,,40,0,0,14,14,0,26
97187,PE2100,00251240,L7,女軟網校隊,1.00,莊泰源,,2,二ABCD四ABCD六6789,,40,0,0,1,1,0,39
97188,PE2101,00251250,L8,男軟網校隊,1.00,莊泰源,,2,二ABCD四ABCD六6789,,40,0,0,2,2,0,38
97108,PE2102,00251260,02,網球初級,1.00,連玉輝,,2,三34,AX2,42,0,0,39,39,15,3
97109,PE2102,00251260,25,網球初級,1.00,莊泰源,,2,二34,AX2,42,0,0,42,42,42,0
97110,PE2102,00251260,27,網球初級,1.00,莊泰源,,2,三34,AX2,42,0,0,42,42,40,0
97111,PE2102,00251260,80,網球初級,1.00,趙曉涵,,2,二67,AX2,42,0,0,41,41,68,1
97112,PE2102,00251260,81,網球初級,1.00,趙曉涵,,2,二89,AX2,42,0,0,41,41,88,1
97113,PE2102,00251260,82,網球初級,1.00,趙曉涵,,2,三67,AX2,42,0,0,42,42,57,0
97114,PE2103,00251270,01,網球中級(一),1.00,連玉輝,,2,一67,AX2,42,0,0,10,10,3,32
97115,PE2103,00251270,23,網球中級(一),1.00,莊泰源,,2,一89,AX2,42,0,0,11,11,4,31
97116,PE2103,00251270,24,網球中級(一),1.00,莊泰源,,2,二12,AX2,42,0,0,23,23,3,19
97117,PE2103,00251270,83,網球中級(一),1.00,趙曉涵,,2,三89,AX2,42,0,0,17,17,1,25
97189,PE2105,00251290,M8,女網球校隊,1.00,趙曉涵,,2,三BCD五,10ABCD,,40,0,0,5,5,1,35
97190,PE2106,00251300,L2,男網球校隊,1.00,連玉輝,,2,三BCD五,10ABCD,,40,0,0,4,4,0,36
97118,PE2109,00251330,C2,橄欖球,1.00,林威名,,2,一67,AX2,50,0,0,34,34,4,16
97119,PE2109,00251330,C3,橄欖球,1.00,林威名,,2,一89,AX2,50,0,0,26,26,8,24
97120,PE2109,00251330,C4,橄欖球,1.00,林威名,,2,二89,AX2,50,0,0,49,49,16,1
97121,PE2109,00251330,C5,橄欖球,1.00,林威名,,2,三12,AX2,50,0,0,43,43,12,7
97191,PE2110,00251340,N5,橄欖球校隊,1.00,林威名,,2,六6789,,40,0,0,15,15,2,25
97122,PE2111,00251360,92,保齡球,1.00,洪巧菱,,2,二67,AX2,40,0,0,40,40,22,0
97123,PE2111,00251360,93,保齡球,1.00,洪巧菱,,2,二89,AX2,40,0,0,39,39,36,1
97124,PE2112,00251370,86,瑜珈,1.00,蘇玫尹,,2,一34,AX2,35,0,0,35,35,122,0
97125,PE2112,00251370,88,瑜珈,1.00,蘇玫尹,,2,二34,AX2,35,0,0,35,35,89,0
97126,PE2112,00251370,90,瑜珈,1.00,蘇玫尹,,2,三12,AX2,35,0,0,33,33,83,2
97127,PE2112,00251370,91,瑜珈,1.00,蘇玫尹,,2,三34,AX2,35,0,0,35,35,82,0
97128,PE2112,00251370,H2,瑜珈,1.00,林子文,,2,一67,AX2,40,0,0,39,39,77,1
97129,PE2112,00251370,H3,瑜珈,1.00,林子文,,2,三12,AX2,40,0,0,38,38,63,2
97192,PE2118,00251460,N4,擊劍校隊,1.00,呂祐華,,2,三ABCD四ABCD六2346,,40,0,0,10,10,2,30
97193,PE2119,00251470,M1,劍道校隊,1.00,李文心,,2,一ABCD五ABCD,,40,0,0,16,16,1,24
97194,PE2121,00251490,K6,國術校隊,1.00,游添燈,,2,一ABC四ABC六789,,40,0,0,4,4,0,36
97195,PE2122,00251500,M5,射箭校隊,1.00,林威名,,2,二ABC四ABC,,40,0,0,9,9,0,31
97130,PE2124,00251520,35,重量訓練,1.00,連家瑩,,2,三12,AX2,40,0,0,40,40,52,0
97131,PE2124,00251520,43,重量訓練,1.00,蔡秀華,,2,一34,AX2,40,0,0,40,40,72,0
97132,PE2124,00251520,A8,重量訓練,1.00,蔡秀華,,2,二67,AX2,40,0,0,40,40,44,0
97200,PE2129,00251600,26,軟網初級,1.00,莊泰源,,2,三12,,42,0,0,7,7,8,35
97133,PE2136,00251670,75,有氧+塑身,1.00,林謙如,,2,二89,AX2,48,0,0,48,48,49,0
97134,PE2136,00251670,78,有氧+塑身,1.00,林謙如,,2,五34,AX2,48,0,0,47,47,50,1
97135,PE2136,00251670,B1,有氧+塑身,1.00,賴韻宇,,2,一12,AX2,48,0,0,46,46,51,2
97136,PE2136,00251670,B2,有氧+塑身,1.00,賴韻宇,,2,一89,AX2,48,0,0,47,47,39,1
97137,PE2136,00251670,H8,有氧+塑身,1.00,賴韻宇,,2,四67,AX2,48,0,0,47,47,21,1
97138,PE2136,00251670,H9,有氧+塑身,1.00,賴韻宇,,2,四89,AX2,48,0,0,48,48,27,0
97139,PE2136,00251670,I1,有氧+塑身,1.00,賴韻宇,,2,五67,AX2,48,0,0,46,46,42,2
97140,PE2136,00251670,I2,有氧+塑身,1.00,賴韻宇,,2,五89,AX2,48,0,0,45,45,61,3
97141,PE2138,00251690,96,跆拳道初級,1.00,吳明翰,,2,一89,AX2,40,0,0,40,40,62,0
97142,PE2138,00251690,97,跆拳道初級,1.00,吳明翰,,2,二89,AX2,40,0,0,40,40,87,0
97143,PE2138,00251690,98,跆拳道初級,1.00,吳明翰,,2,三67,AX2,40,0,0,40,40,64,0
97144,PE2138,00251690,99,跆拳道初級,1.00,吳明翰,,2,三89,AX2,40,0,0,40,40,59,0
97145,PE2138,00251690,F7,跆拳道初級,1.00,陳君鳳,,2,四12,AX2,40,0,0,39,39,51,1
97146,PE2138,00251690,F8,跆拳道初級,1.00,陳君鳳,,2,四34,AX2,40,0,0,38,38,33,2
97147,PE2142,00251730,46,室內五人制足球初級,1.00,楊裕隆,,2,二67,AX2,44,0,0,44,44,26,0
97148,PE2142,00251730,48,室內五人制足球初級,1.00,楊裕隆,,2,三67,AX2,44,0,0,44,44,37,0
97149,PE2143,00251740,50,室內五人制足球中級,1.00,楊裕隆,,2,四67,AX2,44,0,0,30,30,6,14
97150,PE2147,00251780,H6,塑身皮拉提斯,1.00,郭育瑄,,2,四67,AX2,40,0,0,40,40,69,0
97151,PE2147,00251780,H7,塑身皮拉提斯,1.00,郭育瑄,,2,四89,AX2,40,0,0,40,40,64,0
97152,PE5001,00251790,65,壁球初級,1.00,林聯喜,,2,二67,AX2,32,0,0,31,31,47,1
97153,PE5001,00251790,66,壁球初級,1.00,林聯喜,,2,二89,AX2,32,0,0,32,32,52,0
97154,PE5001,00251790,D9,壁球初級,1.00,逄廣華,,2,三12,AX2,32,0,0,32,32,47,0
97155,PE5006,00251820,67,壁球中級,1.00,林聯喜,,2,四89,AX2,32,0,0,3,3,0,29
97156,PE5007,00251830,59,適能瑜珈,1.00,呂碧琴,,2,二12,AX2,36,0,0,36,36,47,0
97157,PE5007,00251830,60,適能瑜珈,1.00,呂碧琴,,2,二34,AX2,36,0,0,36,36,39,0
97196,PE5008,00251840,N6,男子跆拳校隊,1.00,吳明翰,,2,二ABCD五ABCD,,40,0,0,7,7,1,33
97197,PE5009,00251850,K3,女子跆拳校隊,1.00,吳明翰,,2,二ABCD五ABCD,,40,0,0,6,6,0,34
97198,PE5010,00251860,K5,男子柔道校隊,1.00,黃國恩,,2,一ABCD三ABCD,,40,0,0,7,7,0,33
97199,PE5011,00251870,N2,女子柔道校隊,1.00,蘇玫尹,,2,一ABCD三ABCD,,40,0,0,8,8,0,32
97158,PE5014,00251900,G6,定向越野,1.00,莊珮琪,,2,三67,AX2,40,0,0,39,39,58,1
97159,PE5014,00251900,G7,定向越野,1.00,莊珮琪,,2,三89,AX2,40,0,0,40,40,51,0
97160,PE5014,00251900,G8,定向越野,1.00,莊珮琪,,2,四67,AX2,40,0,0,40,40,40,0
97161,PE5014,00251900,G9,定向越野,1.00,莊珮琪,,2,四89,AX2,40,0,0,39,39,60,1
97162,PE5015,00251910,H5,芭蕾舞,1.00,林子文,,2,四67,AX2,35,0,0,35,35,8,0
97163,PE5018,00251940,B9,運動體能訓練,1.00,呂祐華,,2,四34,AX2,44,0,0,38,38,10,6
97164,PE7002,00270520,07,氣功(選修體育),1.00,黃欽永,,2,二34,AX4,50,0,4,13,13,4,33
97165,PE7007,00270790,28,羽球中級（選修體育）,1.00,陳志一,,2,一67,AX4,48,0,4,42,42,10,2
97166,PE7006,00271370,62,瑜珈（選修體育）,1.00,呂碧琴,,2,五34,AX4,40,0,4,36,36,21,0
97167,PE7005,00271390,44,運動與體重管理（選修體育）,1.00,蔡秀華,,2,二34,AX4,50,0,4,35,35,6,11
93001,MilTr1007,00310200,01,全民國防教育軍事訓練課程－國防政策,0.00,余宗基,,3,五67,,200,0,6,192,192,127,2
93002,MilTr1007,00310200,02,全民國防教育軍事訓練課程－國防政策,0.00,余宗基,,3,五89,,200,0,6,187,187,137,7
93003,MilTr1008,00310210,01,全民國防教育軍事訓練課程－防衛動員,0.00,余宗基,,3,三67,,240,0,6,227,227,48,7
93004,MilTr1008,00310210,02,全民國防教育軍事訓練課程－防衛動員,0.00,余宗基,,3,三89,,240,0,6,228,228,33,6
93005,MilTr1009,00310220,01,全民國防教育軍事訓練課程－國際情勢,0.00,劉鐵軍,,3,四34,,141,0,6,131,131,80,4
93006,MilTr1009,00310220,02,全民國防教育軍事訓練課程－國際情勢,0.00,劉鐵軍,,3,四67,,141,0,6,132,132,65,3
93007,MilTr1010,00310230,01,全民國防教育軍事訓練課程－國防科技,0.00,劉鐵軍,,3,二34,,200,0,6,188,188,75,6
93008,MilTr1010,00310230,02,全民國防教育軍事訓練課程－國防科技,0.00,劉鐵軍,,3,二67,,200,0,6,192,192,56,2
